District,Avg_Test_Score
1,2.312243373
2,2.051615081
3,2.255537894
4,3.719756666
5,3.225057879
6,2.805794473
7,2.085121885
8,2.278039719
9,1.37439113
10,3.396097699
11,1.539133471
12,5.320865026
13,4.08667396
14,2.299009462
15,5.90254235
16,2.068760001
17,5.675482811
18,3.535424956
19,1.628489569
20,4.49284603
21,3.686915817
22,4.966234734
23,3.182187576
24,3.340308319
25,5.382146046
26,2.971378166
27,5.738846585
28,4.877528938
29,2.756880271
30,4.304797495
31,5.323730869
